Data;Usuarios conectados
18/11/2025 18:32:00;17
18/11/2025 18:33:00;24
18/11/2025 18:34:00;26
18/11/2025 18:35:00;33
18/11/2025 18:36:00;37
18/11/2025 18:37:00;36
18/11/2025 18:38:00;37
18/11/2025 18:39:00;42
18/11/2025 18:40:00;41
18/11/2025 18:41:00;41
18/11/2025 18:42:00;41
18/11/2025 18:43:00;42
18/11/2025 18:44:00;50
18/11/2025 18:45:00;49
18/11/2025 18:46:00;56
18/11/2025 18:47:00;55
18/11/2025 18:48:00;59
18/11/2025 18:49:00;63
18/11/2025 18:50:00;68
18/11/2025 18:51:00;75
18/11/2025 18:52:00;75
18/11/2025 18:53:00;90
18/11/2025 18:54:00;98
18/11/2025 18:55:00;109
18/11/2025 18:56:00;113
18/11/2025 18:57:00;141
18/11/2025 18:58:00;150
18/11/2025 18:59:00;181
18/11/2025 19:00:00;221
18/11/2025 19:01:00;279
18/11/2025 19:02:00;321
18/11/2025 19:03:00;374
18/11/2025 19:04:00;398
18/11/2025 19:05:00;419
18/11/2025 19:06:00;425
18/11/2025 19:07:00;462
18/11/2025 19:08:00;478
18/11/2025 19:09:00;490
18/11/2025 19:10:00;516
18/11/2025 19:11:00;522
18/11/2025 19:12:00;530
18/11/2025 19:13:00;543
18/11/2025 19:14:00;562
18/11/2025 19:15:00;564
18/11/2025 19:16:00;581
18/11/2025 19:17:00;581
18/11/2025 19:18:00;598
18/11/2025 19:19:00;596
18/11/2025 19:20:00;597
18/11/2025 19:21:00;602
18/11/2025 19:22:00;602
18/11/2025 19:23:00;603
18/11/2025 19:24:00;603
18/11/2025 19:25:00;595
18/11/2025 19:26:00;601
18/11/2025 19:27:00;595
18/11/2025 19:28:00;595
18/11/2025 19:29:00;599
18/11/2025 19:30:00;612
18/11/2025 19:31:00;620
18/11/2025 19:32:00;616
18/11/2025 19:33:00;620
18/11/2025 19:34:00;619
18/11/2025 19:35:00;621
18/11/2025 19:36:00;616
18/11/2025 19:37:00;614
18/11/2025 19:38:00;607
18/11/2025 19:39:00;607
18/11/2025 19:40:00;609
18/11/2025 19:41:00;604
18/11/2025 19:42:00;602
18/11/2025 19:43:00;601
18/11/2025 19:44:00;606
18/11/2025 19:45:00;590
18/11/2025 19:46:00;584
18/11/2025 19:47:00;590
18/11/2025 19:48:00;586
18/11/2025 19:49:00;586
18/11/2025 19:50:00;581
18/11/2025 19:51:00;574
18/11/2025 19:52:00;571
18/11/2025 19:53:00;564
18/11/2025 19:54:00;564
18/11/2025 19:55:00;552
18/11/2025 19:56:00;551
18/11/2025 19:57:00;551
18/11/2025 19:58:00;551
18/11/2025 19:59:00;555
18/11/2025 20:00:00;559
18/11/2025 20:01:00;553
18/11/2025 20:02:00;546
18/11/2025 20:03:00;542
18/11/2025 20:04:00;537
18/11/2025 20:05:00;539
18/11/2025 20:06:00;540
18/11/2025 20:07:00;541
18/11/2025 20:08:00;537
18/11/2025 20:09:00;535
18/11/2025 20:10:00;542
18/11/2025 20:11:00;523
18/11/2025 20:12:00;493
18/11/2025 20:13:00;472
18/11/2025 20:14:00;448
18/11/2025 20:15:00;457
18/11/2025 20:16:00;456
18/11/2025 20:17:00;474
18/11/2025 20:18:00;476
18/11/2025 20:19:00;485
18/11/2025 20:20:00;482
18/11/2025 20:21:00;480
18/11/2025 20:22:00;485
18/11/2025 20:23:00;493
18/11/2025 20:24:00;491
18/11/2025 20:25:00;497
18/11/2025 20:26:00;488
18/11/2025 20:27:00;489
18/11/2025 20:28:00;489
18/11/2025 20:29:00;479
18/11/2025 20:30:00;482
18/11/2025 20:31:00;480
18/11/2025 20:32:00;484
18/11/2025 20:33:00;475
18/11/2025 20:34:00;473
18/11/2025 20:35:00;465
18/11/2025 20:36:00;463
18/11/2025 20:37:00;469
18/11/2025 20:38:00;462
18/11/2025 20:39:00;462
18/11/2025 20:40:00;464
18/11/2025 20:41:00;458
18/11/2025 20:42:00;455
18/11/2025 20:43:00;459
18/11/2025 20:44:00;457
18/11/2025 20:45:00;455
18/11/2025 20:46:00;452
18/11/2025 20:47:00;450
18/11/2025 20:48:00;452
18/11/2025 20:49:00;446
18/11/2025 20:50:00;442
18/11/2025 20:51:00;441
18/11/2025 20:52:00;439
18/11/2025 20:53:00;433
18/11/2025 20:54:00;422
18/11/2025 20:55:00;421
18/11/2025 20:56:00;415
18/11/2025 20:57:00;414
18/11/2025 20:58:00;416
18/11/2025 20:59:00;412
18/11/2025 21:00:00;413
18/11/2025 21:01:00;401
18/11/2025 21:02:00;400
18/11/2025 21:03:00;396
18/11/2025 21:04:00;381
18/11/2025 21:05:00;345
18/11/2025 21:06:00;179
18/11/2025 21:07:00;123
18/11/2025 21:08:00;94
18/11/2025 21:09:00;88
18/11/2025 21:10:00;21
18/11/2025 21:11:00;1
18/11/2025 21:12:00;1
18/11/2025 21:14:00;1
18/11/2025 21:16:00;1
18/11/2025 21:19:00;1
18/11/2025 21:21:00;1
